Definition,Organism Name,NucleotideSequence,ORF,Reading Direction,Nesting Level,Start codon,End codon,ORFLength
"Porcine circovirus isolate PCV3/Pig/CN/Hebei20170320, completegenome.",Porcine circovirus,atggggagcactgctttggagcatttatgtcccggaaaaaactggaatgacagacttctacggcaccaaagaagtttggattcgttacaagtccgttctctaagtgaaaataaatataaatctgacccctccggtggcgacaagccgtgtcccctcgcgcgcgctcccgctgcgcttcgggtgcgggcacaggtaaacgccctcgcatgtggggaccccatcccccacatgcttcggtgggggcgacaagccgtggctagggggctgcccacccaccctcccaataaatacccacaccccaacgcaataattgtacacaagtgcaaataa,MGSTALEHLCPGKNWNDRLLRHQRSLDSLQVRSLSENKYKSDPSGGDKPCPLARAPAALRVRAQVNALACGDPIPHMLRWGRQAVARGLPTHPPNKYPHPNAIIVHKCK,right to left,2,1445,1115,330
"Porcine circovirus isolate PCV3/Pig/CN/Hebei20170320, completegenome.",Porcine circovirus,atgtctttctttacccccccctccccccaacaaacaaccttggtgaacctcctaaacaaggcctccaactttccacgaatattctccgatgaataccactcctccggtacaacattactagtaatatataataccttagccacaaaattaacaaacccacccttaacaggaaccctcagagggtacctgtccccaattctcagcaattcatcaaatggaacccacccataa,MSFFTPPSPQQTTLVNLLNKASNFPRIFSDEYHSSGTTLLVIYNTLATKLTNPPLTGTLRGYLSPILSNSSNGTHP,right to left,1,1085,854,231
"Porcine circovirus isolate PCV3/Pig/CN/Hebei20170320, completegenome.",Porcine circovirus,atgacaataaaagtccttatcttcaggacactcgtagcaccacaaaaattcagttatccagtccccgtcctgcggcatcaaaacacgaggccgcttcatcatccactgcccggtatatccactcacacggtgcggagcatccataatgggataccactttttctccctacagacctccgtggatccgggttccgaggtgccgggtaa,MTIKVLIFRTLVAPQKFSYPVPVLRHQNTRPLHHPLPGISTHTVRSIHNGIPLFLPTDLRGSGFRGAG,right to left,1,212,5,207
"Porcine circovirus isolate PCV3/Pig/CN/Hebei20170320, completegenome.",Porcine circovirus,atgcctgcagtatttatacgctatgggcggggtttgcgtgatttttgcggggtgatggggttgggtaaaccgcgtgattttaaaactgaagtttatgtttttattggtcctccaggatgcgggaaaacgcgggaagcttgtgcggatgcggctgcgcgggaattgcagttgtatttcaagccacgggggccttggtgggatggttataatggggagggtgctgttattctggatgatttttatgggtgggttccatttgatgaattgctgagaattggggacaggtaccctctgagggttcctgttaagggtgggtttgttaattttgtggctaaggtattatatattactagtaatgttgtaccggaggagtggtattcatcggagaatattcgtggaaagttggaggccttgtttaggaggttcaccaaggttgtttgttggggggaggggggggtaaagaaagacatggagacagtgtatccaataaactattga,MPAVFIRYGRGLRDFCGVMGLGKPRDFKTEVYVFIGPPGCGKTREACADAAARELQLYFKPRGPWWDGYNGEGAVILDDFYGWVPFDELLRIGDRYPLRVPVKGGFVNFVAKVLYITSNVVPEEWYSSENIRGKLEALFRRFTKVVCWGEGGVKKDMETVYPINY,left to right,0,615,1113,498
"Porcine circovirus isolate PCV3/Pig/CN/Hebei20170320, completegenome.",Porcine circovirus,atgtgggggatggggtccccacatgcgagggcgtttacctgtgcccgcacccgaagcgcagcgggagcgcgcgcgaggggacacggcttgtcgccaccggaggggtcagatttatatttattttcacttagagaacggacttgtaacgaatccaaacttctttggtgccgtagaagtctgtcattccagttttttccgggacataaatgctccaaagcagtgctccccattgaacggtggggtcatatgtgttga,MWGMGSPHARAFTCARTRSAAGARARGHGLSPPEGSDLYLFSLRERTCNESKLLWCRRSLSFQFFPGHKCSKAVLPIERWGHMC,left to right,3,1215,1470,255
"Porcine circovirus isolate PCV3/Pig/CN/Hebei20170320, completegenome.",Porcine circovirus,atgagacacagagctatattcagaagaagaccccgcccaaggagacgacgacgccacagaaggcgctatgccagaagaaaactattcattaggaggcccacagctggcacatactacacaaagaaatactccaccatgaacgtcatatccgttggaacccctcagaataacaagccctggcacgccaaccacttcattacccgcctaaacgaatgggaaactgcaattacctttgaatattataagatactaaagatgaaagttacactcagccctgtaatttctccggctcagcaaacaaaaactatgttcgggcacacagccatagatctagacggcgcctggaccacaaacacttggctccaagacgacccttatgcggaaagttccactcgtaaagttatgacttctaaaaaaaaacacagccgttacttcacccccaaaccacttctggcgggaactaccagcgctcacccaggacaaagcctcttctttttctccagacccaccccatggctcaacacatatgaccccaccgttcaatggggagcactgctttggagcatttatgtcccggaaaaaactggaatgacagacttctacggcaccaaagaagtttggattcgttacaagtccgttctctaa,MRHRAIFRRRPRPRRRRRHRRRYARRKLFIRRPTAGTYYTKKYSTMNVISVGTPQNNKPWHANHFITRLNEWETAITFEYYKILKMKVTLSPVISPAQQTKTMFGHTAIDLDGAWTTNTWLQDDPYAESSTRKVMTSKKKHSRYFTPKPLLAGTTSAHPGQSLFFFSRPTPWLNTYDPTVQWGALLWSIYVPEKTGMTDFYGTKEVWIRYKSVL,right to left,0,1987,1342,645
"Porcine circovirus isolate PCV3/Pig/CN/Hebei20170320, completegenome.",Porcine circovirus,atgggataccactttttctccctacagacctccgtggatccgggttccgaggtgccgggtaatactagcccggcaccaaaatga,MGYHFFSLQTSVDPGSEVPGNTSPAPK,right to left,1,67,-17,84
"Porcine circovirus isolate PCV3/Pig/CN/Hebei20170320, completegenome.",Porcine circovirus,atgtttttattggtcctccaggatgcgggaaaacgcgggaagcttgtgcggatgcggctgcgcgggaattgcagttgtatttcaagccacgggggccttggtgggatggttataatggggagggtgctgttattctggatgatttttatgggtgggttccatttgatgaattgctga,MFLLVLQDAGKRGKLVRMRLRGNCSCISSHGGLGGMVIMGRVLLFWMIFMGGFHLMNC,left to right,2,709,886,177
"Porcine circovirus isolate PCV3/Pig/CN/Hebei20170320, completegenome.",Porcine circovirus,atgttgtaccggaggagtggtattcatcggagaatattcgtggaaagttggaggccttgtttaggaggttcaccaaggttgtttgttggggggaggggggggtaa,MLYRRSGIHRRIFVESWRPCLGGSPRLFVGGRGG,left to right,2,970,1075,105
"Porcine circovirus isolate PCV3/Pig/CN/Hebei20170320, completegenome.",Porcine circovirus,atgcgagggcgtttacctgtgcccgcacccgaagcgcagcgggagcgcgcgcgaggggacacggcttgtcgccaccggaggggtcagatttatatttattttcacttagagaacggacttgtaacgaatccaaacttctttggtgccgtagaagtctgtcattccagttttttccgggacataaatgctccaaagcagtgctccccattgaacggtggggtcatatgtgttgagccatggggtgggtctggagaaaaagaagaggctttgtcctgggtgagcgctggtagttcccgccagaagtggtttgggggtgaagtaacggctgtgtttttttttagaagtcataactttacgagtggaactttccgcataagggtcgtcttggagccaagtgtttgtggtccaggcgccgtctag,MRGRLPVPAPEAQRERARGDTACRHRRGQIYIYFHLENGLVTNPNFFGAVEVCHSSFFRDINAPKQCSPLNGGVICVEPWGGSGEKEEALSWVSAGSSRQKWFGGEVTAVFFFRSHNFTSGTFRIRVVLEPSVCGPGAV,left to right,1,1237,1657,420
"Porcine circovirus isolate PCV3/Pig/CN/Hebei20170320, completegenome.",Porcine circovirus,atggatgctccgcaccgtgtgagtggatataccgggcagtggatgatgaagcggcctcgtgttttgatgccgcaggacggggactggataactgaatttttgtggtgctacgagtgtcctgaagataaggacttttattgtcatcctattctaggtccggagggaaagcccgaaacacaggtggtgttttacgataaacaactggaccccgaccgagtgggaatctattgtggagtgtggaggcagtatagcgagataccttattatcggcaaagaggttggaaaaagcggtaccccacacttgcaagggtacgtgaatttcaagaacaaaaggcgactcagctcggtgaagcgcttacccggatttggtcgggcccatctggagccggcgagggggagccacaaagaggccagcgagtattgcaagaaagagggggattacctcgagattggcgaagattcctcttcgggtaccagatcggatcttcaagcagcagctcggattctgacggagacgtcgggaaatctgactga,MDAPHRVSGYTGQWMMKRPRVLMPQDGDWITEFLWCYECPEDKDFYCHPILGPEGKPETQVVFYDKQLDPDRVGIYCGVWRQYSEIPYYRQRGWKKRYPTLARVREFQEQKATQLGEALTRIWSGPSGAGEGEPQRGQRVLQERGGLPRDWRRFLFGYQIGSSSSSSDSDGDVGKSD,left to right,0,68,602,534
"Porcine circovirus isolate PCV3/Pig/CN/Hebei20170320, completegenome.",Porcine circovirus,atgcgggaaaacgcgggaagcttgtgcggatgcggctgcgcgggaattgcagttgtatttcaagccacgggggccttggtgggatggttataa,MRENAGSLCGCGCAGIAVVFQATGALVGWL,left to right,2,731,824,93
"Porcine circovirus isolate MiSD-1, complete genome.",Porcine circovirus,atgacgtatccaaggaggcgttaccggagaagaagacaccgcccccgcagccatcttggccagatcctccgccgccgcccctggctcgtccacccccgccaccgttaccgctggagaaggaaaaatggcatcttcaacacccgcctctcccgcaccttcggatatactatcaagaaaaccacagtcagaacgccctcctgggcggtggacatgatgagattcaatattaatgactttcttcccccaggagggggctcaaacccccgctcggtgccctttgaatactacagaataagaaaggttaaggttgaattctggccctgctccccgatcacccagggtgacaggggagtgggctccagtgctgttattctagatgataactttgtcacgaaggccacagccctcacctatgacccctatgtaaactactcctcccgccataccataacccagcccttctcctaccactcccgctactttacccccaaacctgtcctagattccactattgattacttccaaccaaacaacaaaagaaatcagctgtggctgagactacaaactactggaaatgtagaccacgtaggcctcggcactgcgttcgaaaacagtatatacgaccaggaatacaatatccgtgtaaccatgtatgtacaattcagagaatttaatcttaaagaccccccacttaacccttaa,MTYPRRRYRRRRHRPRSHLGQILRRRPWLVHPRHRYRWRRKNGIFNTRLSRTFGYTIKKTTVRTPSWAVDMMRFNINDFLPPGGGSNPRSVPFEYYRIRKVKVEFWPCSPITQGDRGVGSSAVILDDNFVTKATALTYDPYVNYSSRHTITQPFSYHSRYFTPKPVLDSTIDYFQPNNKRNQLWLRLQTTGNVDHVGLGTAFENSIYDQEYNIRVTMYVQFREFNLKDPPLNP,right to left,0,1734,1032,702
"Porcine circovirus isolate MiSD-1, complete genome.",Porcine circovirus,atgtacacgtcattgtggggccacctgggtgtggtaaaagcaaatgggctgctaattttgcagacccggaaaccacatactggaaaccacctagaaacaagtggtgggatggttaccatggtgaagaagtggttgttattgatgacttttatggctggctgccctgggatgatctactga,MYTSLWGHLGVVKANGLLILQTRKPHTGNHLETSGGMVTMVKKWLLLMTFMAGCPGMIY,left to right,2,552,732,180
"Porcine circovirus isolate MiSD-1, complete genome.",Porcine circovirus,atgctacagaacaatccacggaggaagggggccagttcgtcaccctttcccccccatgccctgaatttccatatgaaataa,MLQNNPRRKGASSSPFPPHALNFHMK,left to right,2,906,987,81
"Porcine circovirus isolate MiSD-1, complete genome.",Porcine circovirus,atggcatcttcaacacccgcctctcccgcaccttcggatatactatcaagaaaaccacagtcagaacgccctcctgggcggtggacatga,MASSTPASPAPSDILSRKPQSERPPGRWT,right to left,2,1610,1520,90
"Porcine circovirus isolate MiSD-1, complete genome.",Porcine circovirus,atggtaaccatcccaccacttgtttctaggtggtttccagtatgtggtttccgggtctgcaaaattagcagcccatttgcttttaccacacccaggtggccccacaatgacgtgtacattagtcttccaatcacgcttctgcattttcccgctcactttcaaaagttcagccagcccgcggaaatttctgacaaacgttacagggtgctgctctgcaacggtcaccagactcccgctctccagcaaggtactcacagcagtagacaggtcactccgttgtccttgagatctaggagctccacattcaatcagtaa,MVTIPPLVSRWFPVCGFRVCKISSPFAFTTPRWPHNDVYISLPITLLHFPAHFQKFSQPAEISDKRYRVLLCNGHQTPALQQGTHSSRQVTPLSLRSRSSTFNQ,right to left,1,671,356,315
"Porcine circovirus isolate MiSD-1, complete genome.",Porcine circovirus,atggtactcctcaactgctgtcccagctgtagaagctctttatcggaggattacttccttggtattttggaagaatgctacagaacaatccacggaggaagggggccagttcgtcaccctttcccccccatgccctga,MVLLNCCPSCRSSLSEDYFLGILEECYRTIHGGRGPVRHPFPPMP,left to right,1,832,970,138
"Porcine circovirus isolate MiSD-1, complete genome.",Porcine circovirus,atggttacacggatattgtattcctggtcgtatatactgttttcgaacgcagtgccgaggcctacgtggtctacatttccagtagtttgtagtctcagccacagctga,MVTRILYSWSYILFSNAVPRPTWSTFPVVCSLSHS,left to right,1,1084,1192,108
"Porcine circovirus isolate MiSD-1, complete genome.",Porcine circovirus,atgtccaccgcccaggagggcgttctgactgtggttttcttgatagtatatccgaaggtgcgggagaggcgggtgttgaagatgccatttttccttctccagcggtaa,MSTAQEGVLTVVFLIVYPKVRERRVLKMPFFLLQR,left to right,1,1522,1630,108
"Porcine circovirus isolate MiSD-1, complete genome.",Porcine circovirus,atgacgtgtacattagtcttccaatcacgcttctgcattttcccgctcactttcaaaagttcagccagcccgcggaaatttctgacaaacgttacagggtgctgctctgcaacggtcaccagactcccgctctccagcaaggtactcacagcagtagacaggtcactccgttgtccttga,MTCTLVFQSRFCIFPLTFKSSASPRKFLTNVTGCCSATVTRLPLSSKVLTAVDRSLRCP,right to left,2,565,385,180
"Porcine circovirus isolate MiSD-1, complete genome.",Porcine circovirus,atgtggcagcgggcaccgaaataccatttcactttattaaatgtttgcttcttcacaaaattagcgaacccctggaggtggggtgttcgtccttcctcattaccctcctcgccaacaataaaataa,MWQRAPKYHFTLLNVCFFTKLANPWRWGVRPSSLPSSPTIK,right to left,1,298,172,126
"Porcine circovirus isolate MiSD-1, complete genome.",Porcine circovirus,atgcccagcaagaagaatggaagaagcggaccccaaccacacaaaaggtgggtgttcacgctgaataatccttccgaggacgagcgcaagaaaatacgggagcttccaatctccctttttgattattttattgttggcgaggagggtaatgaggaaggacgaacaccccacctccaggggttcgctaattttgtgaagaagcaaacatttaataaagtgaaatggtatttcggtgcccgctgccacatcgagaaagcgaaaggaactgatcagcagaataaagaatattgcagtaaagaaggcaacttactgattgaatgtggagctcctagatctcaaggacaacggagtgacctgtctactgctgtgagtaccttgctggagagcgggagtctggtgaccgttgcagagcagcaccctgtaacgtttgtcagaaatttccgcgggctggctgaacttttgaaagtgagcgggaaaatgcagaagcgtgattggaagactaatgtacacgtcattgtggggccacctgggtgtggtaaaagcaaatgggctgctaattttgcagacccggaaaccacatactggaaaccacctagaaacaagtggtgggatggttaccatggtgaagaagtggttgttattgatgacttttatggctggctgccctgggatgatctactgagactgtgtgatcgatatccattgactgtagagactaaaggtggaactgtaccttttttggcccgcagtattctgattaccagcaatcagaccccgttggaatggtactcctcaactgctgtcccagctgtagaagctctttatcggaggattacttccttggtattttggaagaatgctacagaacaatccacggaggaagggggccagttcgtcaccctttcccccccatgccctgaatttccatatgaaataaattactga,MPSKKNGRSGPQPHKRWVFTLNNPSEDERKKIRELPISLFDYFIVGEEGNEEGRTPHLQGFANFVKKQTFNKVKWYFGARCHIEKAKGTDQQNKEYCSKEGNLLIECGAPRSQGQRSDLSTAVSTLLESGSLVTVAEQHPVTFVRNFRGLAELLKVSGKMQKRDWKTNVHVIVGPPGCGKSKWAANFADPETTYWKPPRNKWWDGYHGEEVVVIDDFYGWLPWDDLLRLCDRYPLTVETKGGTVPFLARSILITSNQTPLEWYSSTAVPAVEALYRRITSLVFWKNATEQSTEEGGQFVTLSPPCPEFPYEINY,left to right,0,50,995,945
"Porcine circovirus 4 strain FJ-PCV4, complete genome.",Porcine circovirus,atgggcgtggcctcggggactacgtcattactgcaggcctgggcaagtcccgggagtggaagactgaagtgcacgtcatcgtgggtatccccggcgtgggcaagtctagacatgtacaagagaaggggggtgcggacctcttctggaaaccacgtggcaagtggtgggatggatataatggccagagtcacgtggtcctggatgactattatggctggttgcgatatgatgacctgttga,MGVASGTTSLLQAWASPGSGRLKCTSSWVSPAWASLDMYKRRGVRTSSGNHVASGGMDIMARVTWSWMTIMAGCDMMTC,left to right,1,492,732,240
"Porcine circovirus 4 strain FJ-PCV4, complete genome.",Porcine circovirus,atgctgatccaccattggttccttttgttgttaggctggaagtggagggtgtgggtttccccggatgggtcctggggttttggagtgaaatag,MLIHHWFLLLLGWKWRVWVSPDGSWGFGVK,left to right,2,1185,1278,93
"Porcine circovirus 4 strain FJ-PCV4, complete genome.",Porcine circovirus,atgaagcgcgcatggaaaattccgttcttccttctccaccggtatctccgcctattggcccggggccacagtccccgcctgcgctggttccgccggttccgcctccgtctgctgtacctagatctgattggcatctgtgggtggtgggcggggtgtgccgatgtctcggttcagtattacccgagacatcggtacacttcggcacaatcgagcggcgcgagattgtgccgagcacccccctaccgatga,MKRAWKIPFFLLHRYLRLLARGHSPRLRWFRRFRLRLLYLDLIGICGWWAGCADVSVQYYPRHRYTSAQSSGARLCRAPPYR,left to right,2,1599,1848,249
"Porcine circovirus 4 strain FJ-PCV4, complete genome.",Porcine circovirus,atgccaatcagatctaggtacagcagacggaggcggaaccggcggaaccagcgcaggcggggactgtggccccgggccaataggcggagataccggtggagaaggaagaacggaattttccatgcgcgcttcatgagggaggtgactctcagcgtgtgcagcttttccacgccctcttggaacgttggacattacgatttcaaactgaaggactttatcccaaaaggaccgggaacgatcgtaaacctttacagcctcccatttgcatattaccggatcagaaagatcaaaatcgaatttctgccactaaatggcattaacagtaataggacttactctagcactgctatacaactggatggagactatgtgggggaagggaaaaaccaaacttatgatgtcctggcaaaccacagcagcaggcatggtttcaccaatattgctagacacagtcgctatttcactccaaaaccccaggacccatccggggaaacccacaccctccacttccagcctaacaacaaaaggaaccaatggtggatcagcatggcggaccaggacctagtccatcatggcctccaatacagtatacaaaattctaactttgtgcaggtgtggacagtgagatttactatgtatgtgcaattcagagaatttgaccttgttaactaccccaaacagggataa,MPIRSRYSRRRRNRRNQRRRGLWPRANRRRYRWRRKNGIFHARFMREVTLSVCSFSTPSWNVGHYDFKLKDFIPKGPGTIVNLYSLPFAYYRIRKIKIEFLPLNGINSNRTYSSTAIQLDGDYVGEGKNQTYDVLANHSSRHGFTNIARHSRYFTPKPQDPSGETHTLHFQPNNKRNQWWISMADQDLVHHGLQYSIQNSNFVQVWTVRFTMYVQFREFDLVNYPKQG,right to left,1,1733,1046,687
"Porcine circovirus 4 strain FJ-PCV4, complete genome.",Porcine circovirus,atgtctagacttgcccacgccggggatacccacgatgacgtgcacttcagtcttccactcccgggacttgcccaggcctgcagtaatgacgtagtccccgaggccacgcccataccttataaatacagacgggaactcacgggccacttcactcattga,MSRLAHAGDTHDDVHFSLPLPGLAQACSNDVVPEATPIPYKYRRELTGHFTH,right to left,2,605,446,159
"Porcine circovirus 4 strain FJ-PCV4, complete genome.",Porcine circovirus,atggctccgctctccgatagctttcttaaacgggtggaacctcattttctttttcaggttcacaaacccttgcaagtgcggggtgccattttctccaacctccttcccgacaacagcgtactcacagttctcagaggtaaggaattctttaattttcttctcctcctcttctgtgtagttgttaagagtgaaacaatatctcttcacggggtggcccgccattatcatcggtag,MAPLSDSFLKRVEPHFLFQVHKPLQVRGAIFSNLLPDNSVLTVLRGKEFFNFLLLLFCVVVKSETISLHGVARHYHR,right to left,1,302,68,234
"Porcine circovirus 4 strain FJ-PCV4, complete genome.",Porcine circovirus,atgtctcggttcagtattacccgagacatcggtacacttcggcacaatcgagcggcgcgagattgtgccgagcacccccctaccgatgataatggcgggccaccccgtgaagagatattgtttcactcttaa,MSRFSITRDIGTLRHNRAARDCAEHPPTDDNGGPPREEILFHS,left to right,2,1759,1891,132
"Porcine circovirus 4 strain FJ-PCV4, complete genome.",Porcine circovirus,atggcattaacagtaataggacttactctagcactgctatacaactggatggagactatgtgggggaagggaaaaaccaaacttatgatgtcctggcaaaccacagcagcaggcatggtttcaccaatattgctagacacagtcgctatttcactccaaaaccccaggacccatccggggaaacccacaccctccacttccagcctaacaacaaaaggaaccaatggtggatcagcatggcggaccaggacctag,MALTVIGLTLALLYNWMETMWGKGKTKLMMSWQTTAAGMVSPILLDTVAISLQNPRTHPGKPTPSTSSLTTKGTNGGSAWRTRT,right to left,1,1423,1168,255
"Porcine circovirus 4 strain FJ-PCV4, complete genome.",Porcine circovirus,atggaacccccctttgtctccacacggagagggtatctgtccatgagtctcaacaggtcatcatatcgcaaccagccataa,MEPPFVSTRRGYLSMSLNRSSYRNQP,right to left,2,781,700,81
"Porcine circovirus 4 strain FJ-PCV4, complete genome.",Porcine circovirus,atgataatggcgggccaccccgtgaagagatattgtttcactcttaacaactacacagaagaggaggagaagaaaattaaagaattccttacctctgagaactgtgagtacgctgttgtcgggaaggaggttggagaaaatggcaccccgcacttgcaagggtttgtgaacctgaaaaagaaaatgaggttccacccgtttaagaaagctatcggagagcggagccatattgagcaggcccgcggtactgattgtgataataagaagtatttctccaaaggaggggacttactactggaagtaggagagcccagtggtcagggaaagcgcagcgaccttaaagcggctgtggccgccctgaatgccggcagctcaatgagtgaagtggcccgtgagttcccgtctgtatttataaggtatgggcgtggcctcggggactacgtcattactgcaggcctgggcaagtcccgggagtggaagactgaagtgcacgtcatcgtgggtatccccggcgtgggcaagtctagacatgtacaagagaaggggggtgcggacctcttctggaaaccacgtggcaagtggtgggatggatataatggccagagtcacgtggtcctggatgactattatggctggttgcgatatgatgacctgttgagactcatggacagataccctctccgtgtggagacaaaggggggttccattgagttcgtggccaagacaatgtggattaccagcaacaagcagatcaaggactggtatgattatgtggagctgaaagtggatatcagagccctgtaccggcgcgtgaccacctatcaggtcatgagggaggatgggcagttgtatgatatacaaatgacaggagacaataaaatcaattattaa,MIMAGHPVKRYCFTLNNYTEEEEKKIKEFLTSENCEYAVVGKEVGENGTPHLQGFVNLKKKMRFHPFKKAIGERSHIEQARGTDCDNKKYFSKGGDLLLEVGEPSGQGKRSDLKAAVAALNAGSSMSEVAREFPSVFIRYGRGLGDYVITAGLGKSREWKTEVHVIVGIPGVGKSRHVQEKGGADLFWKPRGKWWDGYNGQSHVVLDDYYGWLRYDDLLRLMDRYPLRVETKGGSIEFVAKTMWITSNKQIKDWYDYVELKVDIRALYRRVTTYQVMREDGQLYDIQMTGDNKINY,left to right,0,74,965,891
"Porcine circovirus 4 strain FJ-PCV4, complete genome.",Porcine circovirus,atgcctgctgctgtggtttgccaggacatcataagtttggtttttcccttcccccacatagtctccatccagttgtatagcagtgctagagtaagtcctattactgttaatgccatttag,MPAAVVCQDIISLVFPFPHIVSIQLYSSARVSPITVNAI,left to right,2,1307,1427,120
"Porcine circovirus 4 strain FJ-PCV4, complete genome.",Porcine circovirus,atgtccaacgttccaagagggcgtggaaaagctgcacacgctgagagtcacctccctcatgaagcgcgcatggaaaattccgttcttccttctccaccggtatctccgcctattggcccggggccacagtccccgcctgcgctggttccgccggttccgcctccgtctgctgtacctagatctgattggcatctgtgggtggtgggcggggtgtgccgatgtctcggttcagtattacccgagacatcggtacacttcggcacaatcgagcggcgcgagattgtgccgagcacccccctaccgatgataatggcgggccaccccgtgaagagatattgtttcactcttaacaactacacagaagaggaggagaagaaaattaaagaattccttacctctgagaactgtgagtacgctgttgtcgggaaggaggttggagaaaatggcaccccgcacttgcaagggtttgtgaacctgaaaaagaaaatgaggttccacccgtttaagaaagctatcggagagcggagccatattgagcaggcccgcggtactgattgtgataataagaagtatttctccaaaggaggggacttactactggaagtaggagagcccagtggtcagggaaagcgcagcgaccttaaagcggctgtggccgccctgaatgccggcagctcaatgagtgaagtggcccgtgagttcccgtctgtatttataaggtatgggcgtggcctcggggactacgtcattactgcaggcctgggcaagtcccgggagtggaagactgaagtgcacgtcatcgtgggtatccccggcgtgggcaagtctagacatgtacaagagaaggggggtgcggacctcttctggaaaccacgtggcaagtggtgggatggatataatggccagagtcacgtggtcctggatgactattatggctggttgcgatatgatgacctgttgagactcatggacagataccctctccgtgtggagacaaaggggggttccattgagttcgtggccaagacaatgtggattaccagcaacaagcagatcaaggactggtatgattatgtggagctgaaagtggatatcagagccctgtaccggcgcgtgaccacctatcaggtcatgagggaggatgggcagttgtatgatatacaaatgacaggagacaataaaatcaattattaa,MSNVPRGRGKAAHAESHLPHEARMENSVLPSPPVSPPIGPGPQSPPALVPPVPPPSAVPRSDWHLWVVGGVCRCLGSVLPETSVHFGTIERREIVPSTPLPMIMAGHPVKRYCFTLNNYTEEEEKKIKEFLTSENCEYAVVGKEVGENGTPHLQGFVNLKKKMRFHPFKKAIGERSHIEQARGTDCDNKKYFSKGGDLLLEVGEPSGQGKRSDLKAAVAALNAGSSMSEVAREFPSVFIRYGRGLGDYVITAGLGKSREWKTEVHVIVGIPGVGKSRHVQEKGGADLFWKPRGKWWDGYNGQSHVVLDDYYGWLRYDDLLRLMDRYPLRVETKGGSIEFVAKTMWITSNKQIKDWYDYVELKVDIRALYRRVTTYQVMREDGQLYDIQMTGDNKINY,left to right,0,1541,2735,1194
"Porcine circovirus strain PCV2e/KOR/203984/2019, complete genome.",Porcine circovirus,atgacgtatccaaggaggcgttaccgaaggagaagacaccgcccccgcagccatcttggccagatcctccgccgccgcccctggctcgtccacccccgccaccgttaccgctggagaaggaaaaatggaatcttcaacgcccgcctctcccgctcctttgtatatactgttgtaacctccacagtcacaccgccatcatgggcggtggacatgatgagatttaatattggagatttcctcccaccaggagggggaacaaaccccctctctgtacccttcgaatactacagaataagaaaggttaaagtagaattctttgcaagatcccccatcactcaaggtgaacggggagtaggctccagtgctgtaatcttagatgataacttcgtaaacaaaaccaataacctgtcctacgacccctatgtaaactactcctcccgccacaccataacccagcccttctcataccactcccgatatttcacccccaaacctgtccttgataggataatcgattacttccaacccaataacaaaagaaatcaactctggctgagactacaaacctctggtaatgtggaccatacaggccttggcactgcttttcaacacagtacaactgcccaggcctacaatgtacgtgtaactctctacgtacaatttagagaatttaatatgaaagacccccctcttccttcccctctttcttatatgtaa,MTYPRRRYRRRRHRPRSHLGQILRRRPWLVHPRHRYRWRRKNGIFNARLSRSFVYTVVTSTVTPPSWAVDMMRFNIGDFLPPGGGTNPLSVPFEYYRIRKVKVEFFARSPITQGERGVGSSAVILDDNFVNKTNNLSYDPYVNYSSRHTITQPFSYHSRYFTPKPVLDRIIDYFQPNNKRNQLWLRLQTSGNVDHTGLGTAFQHSTTAQAYNVRVTLYVQFREFNMKDPPLPSPLSYM,right to left,0,1744,1027,717
"Porcine circovirus strain PCV2e/KOR/203984/2019, complete genome.",Porcine circovirus,atgacgtgtacattcgtcttccaatcacgcttctgcattttcccgctcactttcaaaagttcagccagcccgcggaaatttctgacaaacgttacagggtgttgctctgcaacggtcaccagactcccgctctccaacaaggtactcacagcagtagacaggtcactccgttgtccttgcgatctaggagctccacattcaatcagtaagttgccttctttactgcaatattctttattctga,MTCTFVFQSRFCIFPLTFKSSASPRKFLTNVTGCCSATVTRLPLSNKVLTAVDRSLRCPCDLGAPHSISKLPSLLQYSLF,right to left,3,565,322,243
"Porcine circovirus strain PCV2e/KOR/203984/2019, complete genome.",Porcine circovirus,atgtacacgtcattgtggggccacctgggtgtggcaaaagcaaatgggctgctaattttgcagacccggaaaccacatattggaaaccacctagaaacaagtggtgggatggttaccatggtgaagaagtggttgttattgatgacttttatggctggctgccgtgggatgatctactga,MYTSLWGHLGVAKANGLLILQTRKPHIGNHLETSGGMVTMVKKWLLLMTFMAGCRGMIY,left to right,3,552,732,180
"Porcine circovirus strain PCV2e/KOR/203984/2019, complete genome.",Porcine circovirus,atgctacagaacaatccacggaggaagggggccagttcgtcaccctttcccccccatgccctgaatttccttatgaaataa,MLQNNPRRKGASSSPFPPHALNFLMK,left to right,2,906,987,81
"Porcine circovirus strain PCV2e/KOR/203984/2019, complete genome.",Porcine circovirus,atgagaagggctgggttatggtgtggcgggaggagtagtttacataggggtcgtaggacaggttattggttttgtttacgaagttatcatctaagattacagcactggagcctactccccgttcaccttgagtga,MRRAGLWCGGRSSLHRGRRTGYWFCLRSYHLRLQHWSLLPVHLE,left to right,1,1278,1413,135
"Porcine circovirus strain PCV2e/KOR/203984/2019, complete genome.",Porcine circovirus,atggtactcctcaactgctgtcccagctgtagaagctctctatcggaggattacttccttggtattttggaagaatgctacagaacaatccacggaggaagggggccagttcgtcaccctttcccccccatgccctga,MVLLNCCPSCRSSLSEDYFLGILEECYRTIHGGRGPVRHPFPPMP,left to right,1,832,970,138
"Porcine circovirus strain PCV2e/KOR/203984/2019, complete genome.",Porcine circovirus,atggtaaccatcccaccacttgtttctaggtggtttccaatatgtggtttccgggtctgcaaaattagcagcccatttgcttttgccacacccaggtggccccacaatgacgtgtacattcgtcttccaatcacgcttctgcattttcccgctcactttcaaaagttcagccagcccgcggaaatttctgacaaacgttacagggtgttgctctgcaacggtcaccagactcccgctctccaacaaggtactcacagcagtagacaggtcactccgttgtccttgcgatctaggagctccacattcaatcagtaa,MVTIPPLVSRWFPICGFRVCKISSPFAFATPRWPHNDVYIRLPITLLHFPAHFQKFSQPAEISDKRYRVLLCNGHQTPALQQGTHSSRQVTPLSLRSRSSTFNQ,right to left,1,671,356,315
"Porcine circovirus strain PCV2e/KOR/203984/2019, complete genome.",Porcine circovirus,atgatcggttcctttcgctttctcgatatggcagcgggcaccaaaataccatttcactttattaaatgtttgcttcttcacaaaattagcgaacccctggaggtggggtgttcgtccttcctcattaccctcctcgccaacaataaaataatcaaaaagggagattggaagctcccgtattttcttgcgctcgtcttcggaaggattattcagcgtgaacacccaccttttgtgtggttggggtccgcttcttccattctttttgctgggcattttgctgctgaggtgctgccgaggtgctgccgctgccgaagtgcgctggtaatacttacagcgcacttctttcgttttcagctatga,MIGSFRFLDMAAGTKIPFHFIKCLLLHKISEPLEVGCSSFLITLLANNKIIKKGDWKLPYFLALVFGRIIQREHPPFVWLGSASSILFAGHFAAEVLPRCCRCRSALVILTAHFFRFQL,right to left,1,323,-37,360
"Porcine circovirus strain PCV2e/KOR/203984/2019, complete genome.",Porcine circovirus,atgcccagcaaaaagaatggaagaagcggaccccaaccacacaaaaggtgggtgttcacgctgaataatccttccgaagacgagcgcaagaaaatacgggagcttccaatctccctttttgattattttattgttggcgaggagggtaatgaggaaggacgaacaccccacctccaggggttcgctaattttgtgaagaagcaaacatttaataaagtgaaatggtattttggtgcccgctgccatatcgagaaagcgaaaggaaccgatcatcagaataaagaatattgcagtaaagaaggcaacttactgattgaatgtggagctcctagatcgcaaggacaacggagtgacctgtctactgctgtgagtaccttgttggagagcgggagtctggtgaccgttgcagagcaacaccctgtaacgtttgtcagaaatttccgcgggctggctgaacttttgaaagtgagcgggaaaatgcagaagcgtgattggaagacgaatgtacacgtcattgtggggccacctgggtgtggcaaaagcaaatgggctgctaattttgcagacccggaaaccacatattggaaaccacctagaaacaagtggtgggatggttaccatggtgaagaagtggttgttattgatgacttttatggctggctgccgtgggatgatctactgagactctgtgatcgatatcctttgactgttgagactaaaggtggaactgtaccttttttggcccgcagtattctgattaccagcaatcagaccccgttggaatggtactcctcaactgctgtcccagctgtagaagctctctatcggaggattacttccttggtattttggaagaatgctacagaacaatccacggaggaagggggccagttcgtcaccctttcccccccatgccctgaatttccttatgaaataaattactga,MPSKKNGRSGPQPHKRWVFTLNNPSEDERKKIRELPISLFDYFIVGEEGNEEGRTPHLQGFANFVKKQTFNKVKWYFGARCHIEKAKGTDHQNKEYCSKEGNLLIECGAPRSQGQRSDLSTAVSTLLESGSLVTVAEQHPVTFVRNFRGLAELLKVSGKMQKRDWKTNVHVIVGPPGCGKSKWAANFADPETTYWKPPRNKWWDGYHGEEVVVIDDFYGWLPWDDLLRLCDRYPLTVETKGGTVPFLARSILITSNQTPLEWYSSTAVPAVEALYRRITSLVFWKNATEQSTEEGGQFVTLSPPCPEFPYEINY,left to right,0,50,995,945
"Porcine circovirus strain PCV2e/KOR/203984/2019, complete genome.",Porcine circovirus,atgtccaccgcccatgatggcggtgtgactgtggaggttacaacagtatatacaaaggagcgggagaggcgggcgttgaagattccatttttccttctccagcggtaa,MSTAHDGGVTVEVTTVYTKERERRALKIPFFLLQR,left to right,1,1532,1640,108
"Porcine circovirus 1 isolate PCV1-XFD-Beijing, complete genome.",Porcine circovirus 1,atgacgtggccaaggaggcgttaccgcagaagaaggacccgcccccgcagccatcttggaaacatcctccggagaagaccatatttggcacaccccgccttcagaaaccgttacagatggcgccgaaagacgggtatcttcaattcccgcctttctagagaatttgtactcaccataaaaggaggatactcgcagccatcttggaatgttaaccacctcaaattcaacatcggccagttcctccccccctcaggcggcaccaacccactacccctacctttccaatactaccgtattagaaaggctaaatatgaattttaccccagagaccccatcacctctaatcaaagaggtgttgggtccactgttgttatcttggatgccaactttgtaaccccctccaccaacttggcctatgacccctatattaactactcctcccgccacaccataaggcagccctttacctaccactccaggtacttcacccccaaacctgagctggaccaaacaattgattggttccacccaaataataaaagaaaccagctgtggctccatttaaatacccacaccaatgtcgagcacacaggcctcggctatgcgctccaaaatgcagccacagcccaaaattatgtggtaaggctgactatttatgtacaattcagagaatttatcctaaaagaccctctaaataaataa,MTWPRRRYRRRRTRPRSHLGNILRRRPYLAHPAFRNRYRWRRKTGIFNSRLSREFVLTIKGGYSQPSWNVNHLKFNIGQFLPPSGGTNPLPLPFQYYRIRKAKYEFYPRDPITSNQRGVGSTVVILDANFVTPSTNLAYDPYINYSSRHTIRQPFTYHSRYFTPKPELDQTIDWFHPNNKRNQLWLHLNTHTNVEHTGLGYALQNAATAQNYVVRLTIYVQFREFILKDPLNK,right to left,0,1723,1021,702
"Porcine circovirus 1 isolate PCV1-XFD-Beijing, complete genome.",Porcine circovirus 1,atgatatccatcccaccacttatttctactaggcttccagtaggtgtcgctaggctcagcaaaattacgggcccactggctcttcccacaaccgggcgggcccactatgacgtgtacagctgtcttccaatcacgctgctgcatcttcccgctcactttcaaaagttcagccagcccgcggaaatttctcacatacgttacagggaactgctcggctacagtcaccaaagaccccgtctccaaaagggtactcacagcagtagacaagtcgctgcgcttcccctggttccgcggagctccacactcgataagtatgtggccttctttactgcagtattctttattctgctggtcggttcctttcgctttctcgatgtggcagcgggcaccaaaataccacttcaccttgttaaaagtctgcttcttagcaaaattcgcaaacccctggaggtgaggagttctaccctcttccaaaccttcctctccgcaaacaaaataatcaaaaagggagattggaagctcccgtattttgtttttctcctcctcggaaggattattaagggtgaacacccacctcttatggggttgcgggccgcttttcttgcttggcattttcactga,MISIPPLISTRLPVGVARLSKITGPLALPTTGRAHYDVYSCLPITLLHLPAHFQKFSQPAEISHIRYRELLGYSHQRPRLQKGTHSSRQVAALPLVPRSSTLDKYVAFFTAVFFILLVGSFRFLDVAAGTKIPLHLVKSLLLSKIRKPLEVRSSTLFQTFLSANKIIKKGDWKLPYFVFLLLGRIIKGEHPPLMGLRAAFLAWHFH,right to left,1,658,37,621
"Porcine circovirus 1 isolate PCV1-XFD-Beijing, complete genome.",Porcine circovirus 1,atggtactcctcaactgctgtcccagctgtagaagctctctatcggaggattactactttgcaattttggaagactgctggagaacaatccacggaggtacccgaaggccgatttga,MVLLNCCPSCRSSLSEDYYFAILEDCWRTIHGGTRRPI,left to right,1,819,936,117
"Porcine circovirus 1 isolate PCV1-XFD-Beijing, complete genome.",Porcine circovirus 1,atggtcttctccggaggatgtttccaagatggctgcgggggcgggtccttcttctgcggtaacgcctccttggccacgtcatcctataaaagtgaaagaagtgcgctgctgtag,MVFSGGCFQDGCGGGSFFCGNASLATSSYKSERSALL,left to right,2,1641,1755,114
"Porcine circovirus 1 isolate PCV1-XFD-Beijing, complete genome.",Porcine circovirus 1,atgttaaccacctcaaattcaacatcggccagttcctccccccctcaggcggcaccaacccactacccctacctttccaatactaccgtattagaaaggctaaatatgaattttaccccagagaccccatcacctctaatcaaagaggtgttgggtccactgttgttatcttggatgccaactttgtaa,MLTTSNSTSASSSPPQAAPTHYPYLSNTTVLERLNMNFTPETPSPLIKEVLGPLLLSWMPTL,right to left,2,1518,1329,189
"Porcine circovirus 1 isolate PCV1-XFD-Beijing, complete genome.",Porcine circovirus 1,atgacgtgtacagctgtcttccaatcacgctgctgcatcttcccgctcactttcaaaagttcagccagcccgcggaaatttctcacatacgttacagggaactgctcggctacagtcaccaaagaccccgtctccaaaagggtactcacagcagtagacaagtcgctgcgcttcccctggttccgcggagctccacactcgataagtatgtggccttctttactgcagtattctttattctgctggtcggttcctttcgctttctcgatgtggcagcgggcaccaaaataccacttcaccttgttaaaagtctgcttcttagcaaaattcgcaaacccctggaggtga,MTCTAVFQSRCCIFPLTFKSSASPRKFLTYVTGNCSATVTKDPVSKRVLTAVDKSLRFPWFRGAPHSISMWPSLLQYSLFCWSVPFAFSMWQRAPKYHFTLLKVCFLAKFANPWR,right to left,2,552,204,348
"Porcine circovirus 1 isolate PCV1-XFD-Beijing, complete genome.",Porcine circovirus 1,atgccaagcaagaaaagcggcccgcaaccccataagaggtgggtgttcacccttaataatccttccgaggaggagaaaaacaaaatacgggagcttccaatctccctttttgattattttgtttgcggagaggaaggtttggaagagggtagaactcctcacctccaggggtttgcgaattttgctaagaagcagacttttaacaaggtgaagtggtattttggtgcccgctgccacatcgagaaagcgaaaggaaccgaccagcagaataaagaatactgcagtaaagaaggccacatacttatcgagtgtggagctccgcggaaccaggggaagcgcagcgacttgtctactgctgtgagtacccttttggagacggggtctttggtgactgtagccgagcagttccctgtaacgtatgtgagaaatttccgcgggctggctgaacttttgaaagtgagcgggaagatgcagcagcgtgattggaagacagctgtacacgtcatagtgggcccgcccggttgtgggaagagccagtgggcccgtaattttgctgagcctagcgacacctactggaagcctagtagaaataagtggtgggatggatatcatggagaagaagttgttgttttggatgatttttatggctggttaccttgggatgatctactgagactgtgtgaccggtatccattgactgtagagactaaagggggtactgttccttttttggcccgcagtattttgattaccagcaatcaggccccccaggaatggtactcctcaactgctgtcccagctgtagaagctctctatcggaggattactactttgcaattttggaagactgctggagaacaatccacggaggtacccgaaggccgatttgaagcagtggacccaccctgtgcccttttcccatataaaataaattactga,MPSKKSGPQPHKRWVFTLNNPSEEEKNKIRELPISLFDYFVCGEEGLEEGRTPHLQGFANFAKKQTFNKVKWYFGARCHIEKAKGTDQQNKEYCSKEGHILIECGAPRNQGKRSDLSTAVSTLLETGSLVTVAEQFPVTYVRNFRGLAELLKVSGKMQQRDWKTAVHVIVGPPGCGKSQWARNFAEPSDTYWKPSRNKWWDGYHGEEVVVLDDFYGWLPWDDLLRLCDRYPLTVETKGGTVPFLARSILITSNQAPQEWYSSTAVPAVEALYRRITTLQFWKTAGEQSTEVPEGRFEAVDPPCALFPYKINY,left to right,0,46,985,939
"Porcine circovirus 1 isolate PCV1-XFD-Beijing, complete genome.",Porcine circovirus 1,atggagccacagctggtttcttttattatttgggtggaaccaatcaattgtttggtccagctcaggtttgggggtgaagtacctggagtggtaggtaaagggctgccttatggtgtggcgggaggagtagttaatataggggtcataggccaagttggtggagggggttacaaagttggcatccaagataacaacagtggacccaacacctctttgattagaggtgatggggtctctggggtaaaattcatatttagcctttctaatacggtagtattggaaaggtag,MEPQLVSFIIWVEPINCLVQLRFGGEVPGVVGKGLPYGVAGGVVNIGVIGQVGGGGYKVGIQDNNSGPNTSLIRGDGVSGVKFIFSLSNTVVLER,left to right,1,1162,1450,288
"Porcine circovirus 1 isolate PCV1-XFD-Beijing, complete genome.",Porcine circovirus 1,atggctgcgggggcgggtccttcttctgcggtaacgcctccttggccacgtcatcctataaaagtgaaagaagtgcgctgctgtagtattaccagcgcacttcggcagcggcagcacctcggcagcgtcagtgaaaatgccaagcaagaaaagcggcccgcaaccccataa,MAAGAGPSSAVTPPWPRHPIKVKEVRCCSITSALRQRQHLGSVSENAKQEKRPATP,left to right,1,1669,1840,171
"Porcine circovirus 1 isolate PCV1-XFD-Beijing, complete genome.",Porcine circovirus 1,atgggaaaagggcacagggtgggtccactgcttcaaatcggccttcgggtacctccgtggattgttctccagcagtcttccaaaattgcaaagtag,MGKGHRVGPLLQIGLRVPPWIVLQQSSKIAK,right to left,2,968,872,96
"Porcine circovirus 1 isolate PCV1-XFD-Beijing, complete genome.",Porcine circovirus 1,atggataccggtcacacagtctcagtagatcatcccaaggtaaccagccataaaaatcatccaaaacaacaacttcttctccatgatatccatcccaccacttatttctactag,MDTGHTVSVDHPKVTSHKNHPKQQLLLHDIHPTTYFY,right to left,2,740,626,114
"Porcine circovirus 1 isolate PCV1-XFD-Beijing, complete genome.",Porcine circovirus 1,atgttgaatttgaggtggttaacattccaagatggctgcgagtatcctccttttatggtgagtacaaattctctagaaaggcgggaattgaagatacccgtctttcggcgccatctgtaa,MLNLRWLTFQDGCEYPPFMVSTNSLERRELKIPVFRRHL,left to right,2,1493,1613,120
